{
  "atual": 10392.3868,
  "ano_anterior": 44466.493333333325,
  "variacao": -76.62872418992936
}