{
  "atual": 10855.588375000001,
  "ano_anterior": 11039.683939393939,
  "variacao": -1.6675800267887397
}