{
  "atual": 11682.623529411765,
  "ano_anterior": 12466.789090909091,
  "variacao": -6.290036317925263
}