{
  "atual": 47098.450000000004,
  "ano_anterior": 25227.87,
  "variacao": 86.69213849603636
}