{
  "atual": 12073.993124999999,
  "ano_anterior": 4459.48,
  "variacao": 170.74890177778576
}