{
  "atual": 17716.078749999997,
  "ano_anterior": 11980.580555555556,
  "variacao": 47.87329101330413
}