{
  "atual": 9412.846808510638,
  "ano_anterior": 12466.789090909091,
  "variacao": -24.496622667864166
}