{
  "atual": 11671.68232142857,
  "ano_anterior": 11580.59224137931,
  "variacao": 0.7865753162759725
}