{
  "atual": 73869.37999999998,
  "ano_anterior": 54283.09,
  "variacao": 36.08175216259792
}