{
  "atual": 3079.1,
  "ano_anterior": 11591.920000000002,
  "variacao": -73.43753235011974
}