{
  "atual": 77518.20999999999,
  "ano_anterior": 34366.380000000005,
  "variacao": 125.56408326975368
}