{
  "atual": 10909.110609756099,
  "ano_anterior": 11039.683939393939,
  "variacao": -1.1827632960750178
}