{
  "atual": 12000.053529411764,
  "ano_anterior": 10432.946666666667,
  "variacao": 15.020750252198777
}