{
  "atual": 41481.36,
  "ano_anterior": 21808.179999999997,
  "variacao": 90.21009547793537
}