{
  "atual": 69491.04999999999,
  "ano_anterior": 52828.369999999995,
  "variacao": 31.541158661529778
}