{
  "atual": 10498.701285714285,
  "ano_anterior": 11248.368281250001,
  "variacao": -6.66467328230479
}