{
  "atual": 10868.027216494847,
  "ano_anterior": 12314.080921052631,
  "variacao": -11.743090806602986
}