{
  "atual": 8178.4079999999985,
  "ano_anterior": 6495.976521739131,
  "variacao": 25.899592965438224
}