{
  "atual": 13421.71475,
  "ano_anterior": 11481.409423076924,
  "variacao": 16.899539554988618
}