{
  "atual": 71301.83999999998,
  "ano_anterior": 52828.369999999995,
  "variacao": 34.96884344529272
}