{
  "atual": 11187.115000000002,
  "ano_anterior": 15882.179230769227,
  "variacao": -29.561838854414113
}