{
  "atual": 46907.729999999996,
  "ano_anterior": 44216.899999999994,
  "variacao": 6.085523860786268
}