{
  "atual": 15431.279999999999,
  "ano_anterior": 293.32,
  "variacao": 5160.90276830765
}