{
  "atual": 11040.087283950617,
  "ano_anterior": 11039.683939393939,
  "variacao": 0.0036535879006427407
}