{
  "atual": 81383.31000000001,
  "ano_anterior": 65064.380000000005,
  "variacao": 25.081204185761873
}