{
  "atual": 10602.741076923076,
  "ano_anterior": 11580.59224137931,
  "variacao": -8.443878724632203
}