{
  "atual": 82815.98000000001,
  "ano_anterior": 68403.42,
  "variacao": 21.06994065501404
}