{
  "atual": 10442.093484848483,
  "ano_anterior": 11555.453225806452,
  "variacao": -9.634929233857614
}