{
  "atual": 13040.358571428573,
  "ano_anterior": 12291.551363636363,
  "variacao": 6.092047990032401
}