{
  "atual": 10901.662266666668,
  "ano_anterior": 11039.683939393939,
  "variacao": -1.2502321034278507
}