{
  "atual": 10694.949450549451,
  "ano_anterior": 10629.223571428573,
  "variacao": 0.6183507071725325
}