{
  "atual": 84307.93999999999,
  "ano_anterior": 45573.94000000001,
  "variacao": 84.99155438393076
}