{
  "atual": 10931.396210526316,
  "ano_anterior": 12381.189583333333,
  "variacao": -11.70964520855592
}