{
  "atual": 10418.37567164179,
  "ano_anterior": 11555.453225806452,
  "variacao": -9.840181358055776
}