{
  "atual": 20886.750000000004,
  "ano_anterior": 11553.51,
  "variacao": 80.78272317243854
}