{
  "atual": 6473.198421052632,
  "ano_anterior": 12511.16,
  "variacao": -48.260605562932355
}