{
  "atual": 71281.79999999999,
  "ano_anterior": 52828.369999999995,
  "variacao": 34.93090928226632
}