{
  "atual": 12004.302268907562,
  "ano_anterior": 11911.087692307694,
  "variacao": 0.7825866034053997
}