{
  "atual": 64985.21000000001,
  "ano_anterior": 52828.369999999995,
  "variacao": 23.011953615074642
}