{
  "atual": 54041.659999999996,
  "ano_anterior": 49207.299999999996,
  "variacao": 9.824477262520004
}