{
  "atual": 110869.73,
  "ano_anterior": 1056219.7399999998,
  "variacao": -89.50315679576298
}