{
  "atual": 11323.441607142857,
  "ano_anterior": 11980.580555555556,
  "variacao": -5.485034263285138
}