{
  "atual": 11060.203214285715,
  "ano_anterior": 10629.223571428573,
  "variacao": 4.054667210271301
}