{
  "atual": 51363.5,
  "ano_anterior": 49207.299999999996,
  "variacao": 4.381870169669955
}