{
  "atual": 10667.460329670332,
  "ano_anterior": 10629.223571428573,
  "variacao": 0.35973237353421617
}