{
  "atual": 49319.08,
  "ano_anterior": 34366.380000000005,
  "variacao": 43.509674280503205
}