{
  "atual": 92134.79999999999,
  "ano_anterior": 44216.899999999994,
  "variacao": 108.37010283398429
}