{
  "atual": 11497.98862745098,
  "ano_anterior": 11815.610784313723,
  "variacao": -2.6881569024295726
}