{
  "atual": 6593.666666666667,
  "ano_anterior": 9253.26,
  "variacao": -28.74223066609317
}