{
  "atual": 2991.08,
  "ano_anterior": 3067.2200000000003,
  "variacao": -2.4823781795893507
}